<?xml version="1.0" encoding="UTF-8"?>
<AssetMap xmlns="http://www.smpte-ra.org/schemas/429-9/2007/AM">
  <!-- cinemaslides v0.2010.12.05 smpte am -->
  <Id>urn:uuid:d6c9c37d-f89b-4f41-92bf-b095391bc92b</Id>
  <Creator>cinemaslides v0.2010.12.05 smpte am</Creator>
  <VolumeCount>1</VolumeCount>
  <IssueDate>2010-12-08T13:47:01+01:00</IssueDate>
  <Issuer>Wolfgang Woehl</Issuer>
  <AssetList>
    <Asset>
      <Id>urn:uuid:575f8d37-16d6-4e98-9f3b-5a7d7078e251</Id>
      <ChunkList>
        <Chunk>
          <Path>cpl_575f8d37-16d6-4e98-9f3b-5a7d7078e251_.xml</Path>
        </Chunk>
      </ChunkList>
    </Asset>
    <Asset>
      <Id>urn:uuid:2e372e07-155f-410d-b99f-5a466dfa40de</Id>
      <ChunkList>
        <Chunk>
          <Path>pcm_2e372e07-155f-410d-b99f-5a466dfa40de_.mxf</Path>
        </Chunk>
      </ChunkList>
    </Asset>
    <Asset>
      <Id>urn:uuid:89861a10-3cd3-4849-80ee-2838b2ae9d33</Id>
      <ChunkList>
        <Chunk>
          <Path>j2c_89861a10-3cd3-4849-80ee-2838b2ae9d33_.mxf</Path>
        </Chunk>
      </ChunkList>
    </Asset>
    <Asset>
      <Id>urn:uuid:2a48028d-b9f4-48ec-93ff-9d331d78fe25</Id>
      <PackingList>true</PackingList>
      <ChunkList>
        <Chunk>
          <Path>pkl_2a48028d-b9f4-48ec-93ff-9d331d78fe25_.xml</Path>
        </Chunk>
      </ChunkList>
    </Asset>
  </AssetList>
</AssetMap>
