<?xml version="1.0" encoding="UTF-8"?>
<AssetMap xmlns="http://www.smpte-ra.org/schemas/429-9/2007/AM">
  <!-- cinemaslides v0.2010.12.05 smpte am -->
  <Id>urn:uuid:0641b858-3672-4ff4-86ba-79150a767665</Id>
  <Creator>cinemaslides v0.2010.12.05 smpte am</Creator>
  <VolumeCount>1</VolumeCount>
  <IssueDate>2010-12-08T13:45:56+01:00</IssueDate>
  <Issuer>Wolfgang Woehl</Issuer>
  <AssetList>
    <Asset>
      <Id>urn:uuid:5b7f206c-29e1-495b-bd00-8760d746f6a3</Id>
      <ChunkList>
        <Chunk>
          <Path>cpl_5b7f206c-29e1-495b-bd00-8760d746f6a3_.xml</Path>
        </Chunk>
      </ChunkList>
    </Asset>
    <Asset>
      <Id>urn:uuid:54995079-08b8-4a48-98c8-085b370ea384</Id>
      <ChunkList>
        <Chunk>
          <Path>pcm_54995079-08b8-4a48-98c8-085b370ea384_.mxf</Path>
        </Chunk>
      </ChunkList>
    </Asset>
    <Asset>
      <Id>urn:uuid:8cd3d381-fde6-40f0-bb2a-0f519ee41308</Id>
      <ChunkList>
        <Chunk>
          <Path>j2c_8cd3d381-fde6-40f0-bb2a-0f519ee41308_.mxf</Path>
        </Chunk>
      </ChunkList>
    </Asset>
    <Asset>
      <Id>urn:uuid:a7752748-cb38-41c6-9fa5-76560217ff15</Id>
      <PackingList>true</PackingList>
      <ChunkList>
        <Chunk>
          <Path>pkl_a7752748-cb38-41c6-9fa5-76560217ff15_.xml</Path>
        </Chunk>
      </ChunkList>
    </Asset>
  </AssetList>
</AssetMap>
